Treatment,Replicate,Days_Post_Fertilization,Outcome
Control,1,2,1
Control,1,33,1
Control,1,33,1
Control,1,33,1
Control,1,33,1
Control,1,33,1
6PPDQ,1,34,0
6PPDQ,1,34,0
6PPDQ,1,34,0
6PPDQ,1,34,0
6PPDQ,1,34,0
Control,1,34,0
Control,1,34,0
Control,1,34,0
Control,1,34,0
Control,1,34,0
Control,1,34,0
Control,1,34,0
Control,1,34,0
Control,1,34,0
Control,1,34,0
6PPDQ,1,41,0
6PPDQ,1,41,0
6PPDQ,1,41,0
6PPDQ,1,41,0
6PPDQ,1,41,0
Control,1,41,0
Control,1,41,0
Control,1,41,0
Control,1,41,0
Control,1,41,0
6PPDQ,1,46,1
6PPDQ,1,46,1
6PPDQ,1,46,1
6PPDQ,1,46,1
6PPDQ,1,46,1
Control,1,47,1
6PPDQ,1,48,0
6PPDQ,1,48,0
6PPDQ,1,48,0
6PPDQ,1,48,0
6PPDQ,1,48,0
6PPDQ,1,48,0
6PPDQ,1,48,0
6PPDQ,1,48,0
6PPDQ,1,48,0
6PPDQ,1,48,0
6PPDQ,1,48,0
6PPDQ,1,48,0
6PPDQ,1,48,0
6PPDQ,1,48,0
6PPDQ,1,48,0
6PPDQ,1,48,0
6PPDQ,1,48,0
6PPDQ,1,48,0
6PPDQ,1,48,0
6PPDQ,1,48,0
Control,1,48,0
Control,1,48,0
Control,1,48,0
Control,1,48,0
Control,1,48,0
Control,1,48,0
Control,1,48,0
Control,1,48,0
Control,1,48,0
Control,1,48,0
Control,1,48,0
Control,1,48,0
Control,1,48,0
Control,1,48,0
Control,1,48,0
Control,1,48,0
Control,1,48,0
Control,1,48,0
Control,1,48,0
Control,1,48,0
6PPDQ,1,49,1
6PPDQ,1,49,1
6PPDQ,1,50,1
6PPDQ,1,50,1
6PPDQ,1,50,1
6PPDQ,1,50,1
6PPDQ,1,50,1
6PPDQ,1,50,1
6PPDQ,1,50,1
6PPDQ,1,50,1
6PPDQ,1,50,1
6PPDQ,1,50,1
6PPDQ,1,50,1
6PPDQ,1,50,1
6PPDQ,1,50,1
6PPDQ,1,50,1
6PPDQ,1,50,1
6PPDQ,1,50,1
6PPDQ,1,50,1
6PPDQ,1,50,1
6PPDQ,1,50,1
6PPDQ,1,50,1
6PPDQ,1,50,1
6PPDQ,1,50,1
6PPDQ,1,50,1
6PPDQ,1,50,1
6PPDQ,1,50,1
6PPDQ,1,50,1
6PPDQ,1,50,1
6PPDQ,1,50,1
6PPDQ,1,50,1
6PPDQ,1,50,1
6PPDQ,1,50,1
6PPDQ,1,50,1
6PPDQ,1,50,1
6PPDQ,1,50,1
6PPDQ,1,50,1
6PPDQ,1,50,1
6PPDQ,1,50,1
6PPDQ,1,50,1
6PPDQ,1,50,1
6PPDQ,1,50,1
6PPDQ,1,50,1
6PPDQ,1,50,1
6PPDQ,1,50,1
6PPDQ,1,50,1
6PPDQ,1,50,1
6PPDQ,1,50,1
6PPDQ,1,50,1
6PPDQ,1,50,1
6PPDQ,1,50,1
6PPDQ,1,50,1
6PPDQ,1,50,1
6PPDQ,1,50,1
6PPDQ,1,50,1
6PPDQ,1,53,1
Control,1,54,1
6PPDQ,1,55,1
6PPDQ,1,55,1
6PPDQ,1,55,1
6PPDQ,1,55,1
6PPDQ,1,55,1
6PPDQ,1,55,1
6PPDQ,1,55,1
6PPDQ,1,55,1
6PPDQ,1,55,1
6PPDQ,1,55,1
6PPDQ,1,55,1
6PPDQ,1,55,1
6PPDQ,1,55,1
6PPDQ,1,55,1
6PPDQ,1,55,1
6PPDQ,1,55,1
6PPDQ,1,55,1
6PPDQ,1,55,1
6PPDQ,1,55,1
6PPDQ,1,55,1
6PPDQ,1,55,1
6PPDQ,1,55,1
6PPDQ,1,55,1
6PPDQ,1,55,1
6PPDQ,1,55,1
6PPDQ,1,55,1
6PPDQ,1,55,1
6PPDQ,1,55,1
6PPDQ,1,55,1
6PPDQ,1,55,1
6PPDQ,1,55,1
6PPDQ,1,55,1
6PPDQ,1,55,1
6PPDQ,1,55,1
6PPDQ,1,55,1
6PPDQ,1,55,1
6PPDQ,1,55,1
6PPDQ,1,55,1
6PPDQ,1,56,0
6PPDQ,1,56,0
6PPDQ,1,56,0
6PPDQ,1,56,0
6PPDQ,1,56,0
6PPDQ,1,56,0
6PPDQ,1,56,0
6PPDQ,1,56,0
6PPDQ,1,56,0
6PPDQ,1,56,0
6PPDQ,1,56,0
6PPDQ,1,56,0
6PPDQ,1,56,0
6PPDQ,1,56,0
6PPDQ,1,56,0
6PPDQ,1,56,0
6PPDQ,1,56,0
6PPDQ,1,56,0
6PPDQ,1,56,0
6PPDQ,1,56,0
6PPDQ,1,56,0
6PPDQ,1,56,0
6PPDQ,1,56,0
6PPDQ,1,56,0
6PPDQ,1,56,0
6PPDQ,1,56,0
6PPDQ,1,56,0
6PPDQ,1,56,0
6PPDQ,1,56,0
6PPDQ,1,56,0
6PPDQ,1,56,0
6PPDQ,1,56,0
6PPDQ,1,56,0
6PPDQ,1,56,0
6PPDQ,1,56,0
6PPDQ,1,56,0
6PPDQ,1,56,0
6PPDQ,1,56,0
6PPDQ,1,56,0
6PPDQ,1,56,0
6PPDQ,1,56,0
6PPDQ,1,56,0
6PPDQ,1,56,0
6PPDQ,1,56,0
6PPDQ,1,56,0
6PPDQ,1,56,0
6PPDQ,1,56,0
6PPDQ,1,56,0
6PPDQ,1,56,0
6PPDQ,1,56,0
6PPDQ,1,56,0
6PPDQ,1,56,0
6PPDQ,1,56,0
6PPDQ,1,56,0
6PPDQ,1,56,0
6PPDQ,1,56,0
6PPDQ,1,56,0
Control,1,56,0
Control,1,56,0
Control,1,56,0
Control,1,56,0
Control,1,56,0
Control,1,56,0
Control,1,56,0
Control,1,56,0
Control,1,56,0
Control,1,56,0
Control,1,56,0
Control,1,56,0
Control,1,56,0
Control,1,56,0
Control,1,56,0
Control,1,56,0
Control,1,56,0
Control,1,56,0
Control,1,56,0
Control,1,56,0
Control,1,56,0
Control,1,56,0
Control,1,56,0
Control,1,56,0
Control,1,56,0
Control,1,56,0
Control,1,56,0
Control,1,56,0
Control,1,56,0
Control,1,56,0
Control,1,56,0
Control,1,56,0
Control,1,56,0
Control,1,56,0
Control,1,56,0
Control,1,56,0
Control,1,56,0
Control,1,56,0
Control,1,56,0
Control,1,56,0
Control,1,56,0
Control,1,56,0
Control,1,56,0
Control,1,56,0
Control,1,56,0
Control,1,56,0
6PPDQ,2,2,1
6PPDQ,2,7,1
Control,2,9,1
Control,2,27,1
6PPDQ,2,34,0
6PPDQ,2,34,0
6PPDQ,2,34,0
6PPDQ,2,34,0
6PPDQ,2,34,0
6PPDQ,2,34,0
Control,2,34,0
Control,2,34,0
Control,2,34,0
Control,2,34,0
Control,2,34,0
Control,2,34,0
6PPDQ,2,41,0
6PPDQ,2,41,0
6PPDQ,2,41,0
6PPDQ,2,41,0
6PPDQ,2,41,0
Control,2,41,0
Control,2,41,0
Control,2,41,0
Control,2,41,0
Control,2,41,0
6PPDQ,2,47,1
6PPDQ,2,47,1
6PPDQ,2,47,1
6PPDQ,2,47,1
6PPDQ,2,47,1
6PPDQ,2,47,1
6PPDQ,2,47,1
Control,2,47,1
6PPDQ,2,48,0
6PPDQ,2,48,0
6PPDQ,2,48,0
6PPDQ,2,48,0
6PPDQ,2,48,0
6PPDQ,2,48,0
6PPDQ,2,48,0
6PPDQ,2,48,0
6PPDQ,2,48,0
6PPDQ,2,48,0
6PPDQ,2,48,0
6PPDQ,2,48,0
6PPDQ,2,48,0
6PPDQ,2,48,0
6PPDQ,2,48,0
6PPDQ,2,48,0
6PPDQ,2,48,0
6PPDQ,2,48,0
6PPDQ,2,48,0
6PPDQ,2,48,0
Control,2,48,0
Control,2,48,0
Control,2,48,0
Control,2,48,0
Control,2,48,0
Control,2,48,0
Control,2,48,0
Control,2,48,0
Control,2,48,0
Control,2,48,0
Control,2,48,0
Control,2,48,0
Control,2,48,0
Control,2,48,0
Control,2,48,0
Control,2,48,0
Control,2,48,0
Control,2,48,0
Control,2,48,0
Control,2,48,0
6PPDQ,2,49,1
6PPDQ,2,50,1
6PPDQ,2,50,1
6PPDQ,2,50,1
6PPDQ,2,50,1
6PPDQ,2,50,1
6PPDQ,2,50,1
6PPDQ,2,50,1
6PPDQ,2,50,1
6PPDQ,2,50,1
6PPDQ,2,50,1
6PPDQ,2,50,1
6PPDQ,2,50,1
6PPDQ,2,50,1
6PPDQ,2,50,1
6PPDQ,2,50,1
6PPDQ,2,50,1
6PPDQ,2,50,1
6PPDQ,2,50,1
6PPDQ,2,50,1
6PPDQ,2,50,1
6PPDQ,2,50,1
6PPDQ,2,50,1
6PPDQ,2,50,1
6PPDQ,2,50,1
6PPDQ,2,50,1
6PPDQ,2,50,1
6PPDQ,2,50,1
6PPDQ,2,50,1
6PPDQ,2,50,1
6PPDQ,2,50,1
6PPDQ,2,50,1
6PPDQ,2,50,1
6PPDQ,2,50,1
6PPDQ,2,50,1
6PPDQ,2,50,1
6PPDQ,2,50,1
6PPDQ,2,53,1
6PPDQ,2,55,1
6PPDQ,2,55,1
6PPDQ,2,55,1
6PPDQ,2,55,1
6PPDQ,2,55,1
6PPDQ,2,55,1
6PPDQ,2,55,1
6PPDQ,2,55,1
6PPDQ,2,55,1
6PPDQ,2,55,1
6PPDQ,2,55,1
6PPDQ,2,55,1
6PPDQ,2,55,1
6PPDQ,2,56,0
6PPDQ,2,56,0
6PPDQ,2,56,0
6PPDQ,2,56,0
6PPDQ,2,56,0
6PPDQ,2,56,0
6PPDQ,2,56,0
6PPDQ,2,56,0
6PPDQ,2,56,0
6PPDQ,2,56,0
6PPDQ,2,56,0
6PPDQ,2,56,0
6PPDQ,2,56,0
6PPDQ,2,56,0
6PPDQ,2,56,0
6PPDQ,2,56,0
6PPDQ,2,56,0
6PPDQ,2,56,0
6PPDQ,2,56,0
Control,2,56,0
Control,2,56,0
Control,2,56,0
Control,2,56,0
Control,2,56,0
Control,2,56,0
Control,2,56,0
Control,2,56,0
Control,2,56,0
Control,2,56,0
Control,2,56,0
Control,2,56,0
Control,2,56,0
Control,2,56,0
Control,2,56,0
Control,2,56,0
Control,2,56,0
Control,2,56,0
Control,2,56,0
Control,2,56,0
Control,2,56,0
Control,2,56,0
Control,2,56,0
Control,2,56,0
Control,2,56,0
Control,2,56,0
Control,2,56,0
Control,2,56,0
Control,2,56,0
Control,2,56,0
Control,2,56,0
Control,2,56,0
Control,2,56,0
Control,2,56,0
Control,2,56,0
Control,2,56,0
Control,2,56,0
Control,2,56,0
Control,2,56,0
Control,2,56,0
Control,2,56,0
Control,2,56,0
Control,2,56,0
Control,2,56,0
Control,2,56,0
Control,2,56,0
Control,2,56,0
Control,2,56,0
Control,2,56,0
Control,2,56,0
Control,2,56,0
Control,2,56,0
Control,2,56,0
Control,2,56,0
Control,2,56,0
Control,2,56,0
Control,2,56,0
Control,2,56,0
Control,2,56,0
Control,2,56,0
Control,2,56,0
Control,2,56,0
Control,2,56,0
Control,2,56,0
Control,2,56,0
Control,2,56,0
Control,2,56,0
Control,2,56,0
Control,2,56,0
Control,2,56,0
Control,2,56,0
Control,2,56,0
Control,2,56,0
Control,2,56,0
Control,2,56,0
6PPDQ,3,2,1
6PPDQ,3,2,1
6PPDQ,3,27,1
6PPDQ,3,27,1
Control,3,27,1
6PPDQ,3,28,1
Control,3,29,1
6PPDQ,3,34,0
6PPDQ,3,34,0
6PPDQ,3,34,0
6PPDQ,3,34,0
6PPDQ,3,34,0
6PPDQ,3,34,0
6PPDQ,3,34,0
6PPDQ,3,34,0
6PPDQ,3,34,0
Control,3,34,0
Control,3,34,0
Control,3,34,0
Control,3,34,0
Control,3,34,0
Control,3,34,0
6PPDQ,3,37,1
6PPDQ,3,41,0
6PPDQ,3,41,0
6PPDQ,3,41,0
6PPDQ,3,41,0
6PPDQ,3,41,0
Control,3,41,0
Control,3,41,0
Control,3,41,0
Control,3,41,0
Control,3,41,0
6PPDQ,3,43,1
6PPDQ,3,46,1
6PPDQ,3,46,1
6PPDQ,3,46,1
6PPDQ,3,46,1
6PPDQ,3,46,1
6PPDQ,3,46,1
6PPDQ,3,46,1
6PPDQ,3,46,1
6PPDQ,3,46,1
6PPDQ,3,46,1
Control,3,46,1
6PPDQ,3,48,1
6PPDQ,3,48,1
6PPDQ,3,48,0
6PPDQ,3,48,0
6PPDQ,3,48,0
6PPDQ,3,48,0
6PPDQ,3,48,0
6PPDQ,3,48,0
6PPDQ,3,48,0
6PPDQ,3,48,0
6PPDQ,3,48,0
6PPDQ,3,48,0
6PPDQ,3,48,0
6PPDQ,3,48,0
6PPDQ,3,48,0
6PPDQ,3,48,0
6PPDQ,3,48,0
6PPDQ,3,48,0
6PPDQ,3,48,0
6PPDQ,3,48,0
6PPDQ,3,48,0
6PPDQ,3,48,0
Control,3,48,0
Control,3,48,0
Control,3,48,0
Control,3,48,0
Control,3,48,0
Control,3,48,0
Control,3,48,0
Control,3,48,0
Control,3,48,0
Control,3,48,0
Control,3,48,0
Control,3,48,0
Control,3,48,0
Control,3,48,0
Control,3,48,0
Control,3,48,0
Control,3,48,0
Control,3,48,0
Control,3,48,0
Control,3,48,0
6PPDQ,3,49,1
6PPDQ,3,49,1
6PPDQ,3,49,1
6PPDQ,3,49,1
6PPDQ,3,49,1
6PPDQ,3,49,1
6PPDQ,3,49,1
6PPDQ,3,49,1
6PPDQ,3,49,1
6PPDQ,3,50,1
6PPDQ,3,50,1
6PPDQ,3,50,1
6PPDQ,3,50,1
6PPDQ,3,50,1
6PPDQ,3,50,1
6PPDQ,3,50,1
6PPDQ,3,50,1
6PPDQ,3,50,1
6PPDQ,3,50,1
6PPDQ,3,50,1
6PPDQ,3,50,1
6PPDQ,3,50,1
6PPDQ,3,50,1
6PPDQ,3,50,1
6PPDQ,3,50,1
6PPDQ,3,50,1
6PPDQ,3,50,1
6PPDQ,3,50,1
6PPDQ,3,50,1
6PPDQ,3,50,1
6PPDQ,3,50,1
6PPDQ,3,50,1
6PPDQ,3,50,1
6PPDQ,3,50,1
6PPDQ,3,50,1
6PPDQ,3,50,1
6PPDQ,3,50,1
6PPDQ,3,50,1
6PPDQ,3,50,1
6PPDQ,3,50,1
6PPDQ,3,50,1
6PPDQ,3,50,1
6PPDQ,3,50,1
6PPDQ,3,50,1
6PPDQ,3,50,1
6PPDQ,3,50,1
6PPDQ,3,50,1
6PPDQ,3,50,1
6PPDQ,3,50,1
6PPDQ,3,50,1
6PPDQ,3,50,1
6PPDQ,3,50,1
6PPDQ,3,50,1
6PPDQ,3,50,1
6PPDQ,3,50,1
6PPDQ,3,50,1
6PPDQ,3,50,1
6PPDQ,3,50,1
6PPDQ,3,50,1
6PPDQ,3,50,1
6PPDQ,3,50,1
6PPDQ,3,50,1
6PPDQ,3,50,1
6PPDQ,3,50,1
6PPDQ,3,50,1
6PPDQ,3,50,1
6PPDQ,3,50,1
6PPDQ,3,50,1
6PPDQ,3,50,1
6PPDQ,3,50,1
6PPDQ,3,50,1
6PPDQ,3,50,1
6PPDQ,3,50,1
6PPDQ,3,50,1
6PPDQ,3,50,1
6PPDQ,3,50,1
6PPDQ,3,50,1
6PPDQ,3,50,1
6PPDQ,3,50,1
6PPDQ,3,50,1
6PPDQ,3,50,1
6PPDQ,3,50,1
6PPDQ,3,50,1
6PPDQ,3,50,1
6PPDQ,3,50,1
6PPDQ,3,53,1
6PPDQ,3,55,1
6PPDQ,3,55,1
6PPDQ,3,55,1
6PPDQ,3,55,1
6PPDQ,3,55,1
6PPDQ,3,55,1
6PPDQ,3,55,1
6PPDQ,3,55,1
6PPDQ,3,55,1
6PPDQ,3,55,1
6PPDQ,3,55,1
6PPDQ,3,55,1
6PPDQ,3,55,1
6PPDQ,3,55,1
6PPDQ,3,55,1
6PPDQ,3,55,1
6PPDQ,3,55,1
6PPDQ,3,55,1
6PPDQ,3,55,1
6PPDQ,3,55,1
6PPDQ,3,55,1
6PPDQ,3,55,1
6PPDQ,3,55,1
6PPDQ,3,55,1
6PPDQ,3,55,1
6PPDQ,3,56,0
6PPDQ,3,56,0
6PPDQ,3,56,0
6PPDQ,3,56,0
6PPDQ,3,56,0
6PPDQ,3,56,0
6PPDQ,3,56,0
6PPDQ,3,56,0
6PPDQ,3,56,0
6PPDQ,3,56,0
6PPDQ,3,56,0
6PPDQ,3,56,0
6PPDQ,3,56,0
6PPDQ,3,56,0
6PPDQ,3,56,0
6PPDQ,3,56,0
6PPDQ,3,56,0
6PPDQ,3,56,0
6PPDQ,3,56,0
6PPDQ,3,56,0
6PPDQ,3,56,0
6PPDQ,3,56,0
6PPDQ,3,56,0
6PPDQ,3,56,0
6PPDQ,3,56,0
6PPDQ,3,56,0
6PPDQ,3,56,0
6PPDQ,3,56,0
6PPDQ,3,56,0
6PPDQ,3,56,0
6PPDQ,3,56,0
6PPDQ,3,56,0
6PPDQ,3,56,0
6PPDQ,3,56,0
6PPDQ,3,56,0
6PPDQ,3,56,0
6PPDQ,3,56,0
6PPDQ,3,56,0
Control,3,56,0
Control,3,56,0
Control,3,56,0
Control,3,56,0
Control,3,56,0
Control,3,56,0
Control,3,56,0
Control,3,56,0
Control,3,56,0
Control,3,56,0
Control,3,56,0
Control,3,56,0
Control,3,56,0
Control,3,56,0
Control,3,56,0
Control,3,56,0
Control,3,56,0
Control,3,56,0
Control,3,56,0
Control,3,56,0
Control,3,56,0
Control,3,56,0
Control,3,56,0
Control,3,56,0
Control,3,56,0
Control,3,56,0
Control,3,56,0
Control,3,56,0
Control,3,56,0
Control,3,56,0
Control,3,56,0
Control,3,56,0
Control,3,56,0
Control,3,56,0
Control,3,56,0
Control,3,56,0
Control,3,56,0
Control,3,56,0
Control,3,56,0
Control,3,56,0
Control,3,56,0
Control,3,56,0
Control,3,56,0
Control,3,56,0
Control,3,56,0
Control,3,56,0
Control,3,56,0
Control,3,56,0
Control,3,56,0
Control,3,56,0
Control,3,56,0
Control,3,56,0
Control,3,56,0
Control,3,56,0
Control,3,56,0
Control,3,56,0
Control,3,56,0
Control,3,56,0
Control,3,56,0
Control,4,27,1
Control,4,27,1
Control,4,27,1
6PPDQ,4,34,0
6PPDQ,4,34,0
6PPDQ,4,34,0
6PPDQ,4,34,0
6PPDQ,4,34,0
Control,4,34,0
Control,4,34,0
Control,4,34,0
Control,4,34,0
Control,4,34,0
Control,4,34,0
Control,4,34,0
Control,4,34,0
6PPDQ,4,41,0
6PPDQ,4,41,0
6PPDQ,4,41,0
6PPDQ,4,41,0
6PPDQ,4,41,0
Control,4,41,0
Control,4,41,0
Control,4,41,0
Control,4,41,0
Control,4,41,0
6PPDQ,4,46,1
6PPDQ,4,46,1
6PPDQ,4,46,1
6PPDQ,4,46,1
6PPDQ,4,46,1
6PPDQ,4,46,1
6PPDQ,4,48,0
6PPDQ,4,48,0
6PPDQ,4,48,0
6PPDQ,4,48,0
6PPDQ,4,48,0
6PPDQ,4,48,0
6PPDQ,4,48,0
6PPDQ,4,48,0
6PPDQ,4,48,0
6PPDQ,4,48,0
6PPDQ,4,48,0
6PPDQ,4,48,0
6PPDQ,4,48,0
6PPDQ,4,48,0
6PPDQ,4,48,0
6PPDQ,4,48,0
6PPDQ,4,48,0
6PPDQ,4,48,0
6PPDQ,4,48,0
6PPDQ,4,48,0
Control,4,48,0
Control,4,48,0
Control,4,48,0
Control,4,48,0
Control,4,48,0
Control,4,48,0
Control,4,48,0
Control,4,48,0
Control,4,48,0
Control,4,48,0
Control,4,48,0
Control,4,48,0
Control,4,48,0
Control,4,48,0
Control,4,48,0
Control,4,48,0
Control,4,48,0
Control,4,48,0
Control,4,48,0
Control,4,48,0
6PPDQ,4,50,1
6PPDQ,4,50,1
6PPDQ,4,50,1
6PPDQ,4,50,1
6PPDQ,4,50,1
6PPDQ,4,50,1
6PPDQ,4,50,1
6PPDQ,4,50,1
6PPDQ,4,50,1
6PPDQ,4,50,1
6PPDQ,4,50,1
6PPDQ,4,50,1
6PPDQ,4,50,1
6PPDQ,4,50,1
6PPDQ,4,50,1
6PPDQ,4,50,1
6PPDQ,4,50,1
6PPDQ,4,50,1
6PPDQ,4,50,1
6PPDQ,4,50,1
6PPDQ,4,50,1
6PPDQ,4,50,1
6PPDQ,4,50,1
6PPDQ,4,50,1
6PPDQ,4,50,1
6PPDQ,4,50,1
6PPDQ,4,50,1
6PPDQ,4,50,1
6PPDQ,4,50,1
6PPDQ,4,50,1
6PPDQ,4,50,1
6PPDQ,4,50,1
6PPDQ,4,50,1
6PPDQ,4,50,1
6PPDQ,4,50,1
6PPDQ,4,50,1
6PPDQ,4,50,1
6PPDQ,4,50,1
6PPDQ,4,50,1
6PPDQ,4,50,1
6PPDQ,4,50,1
6PPDQ,4,50,1
6PPDQ,4,50,1
6PPDQ,4,50,1
6PPDQ,4,50,1
6PPDQ,4,50,1
6PPDQ,4,50,1
6PPDQ,4,50,1
Control,4,53,1
6PPDQ,4,55,1
6PPDQ,4,55,1
6PPDQ,4,55,1
6PPDQ,4,55,1
6PPDQ,4,55,1
6PPDQ,4,55,1
6PPDQ,4,55,1
6PPDQ,4,55,1
6PPDQ,4,55,1
6PPDQ,4,55,1
6PPDQ,4,55,1
6PPDQ,4,55,1
6PPDQ,4,55,1
6PPDQ,4,55,1
6PPDQ,4,55,1
6PPDQ,4,56,0
6PPDQ,4,56,0
6PPDQ,4,56,0
6PPDQ,4,56,0
6PPDQ,4,56,0
6PPDQ,4,56,0
6PPDQ,4,56,0
6PPDQ,4,56,0
6PPDQ,4,56,0
6PPDQ,4,56,0
6PPDQ,4,56,0
6PPDQ,4,56,0
6PPDQ,4,56,0
6PPDQ,4,56,0
6PPDQ,4,56,0
6PPDQ,4,56,0
6PPDQ,4,56,0
6PPDQ,4,56,0
6PPDQ,4,56,0
Control,4,56,0
Control,4,56,0
Control,4,56,0
Control,4,56,0
Control,4,56,0
Control,4,56,0
Control,4,56,0
Control,4,56,0
Control,4,56,0
Control,4,56,0
Control,4,56,0
Control,4,56,0
Control,4,56,0
Control,4,56,0
Control,4,56,0
Control,4,56,0
Control,4,56,0
Control,4,56,0
Control,4,56,0
Control,4,56,0
Control,4,56,0
Control,4,56,0
Control,4,56,0
Control,4,56,0
Control,4,56,0
Control,4,56,0
Control,4,56,0
Control,4,56,0
Control,4,56,0
Control,4,56,0
Control,4,56,0
Control,4,56,0
Control,4,56,0
Control,4,56,0
Control,4,56,0
Control,4,56,0
Control,4,56,0
Control,4,56,0
Control,4,56,0
Control,4,56,0
Control,4,56,0
Control,4,56,0
Control,4,56,0
Control,4,56,0
Control,4,56,0
Control,4,56,0
Control,4,56,0
Control,4,56,0
Control,4,56,0
Control,4,56,0
Control,4,56,0
Control,4,56,0
Control,4,56,0
Control,4,56,0
Control,4,56,0
Control,4,56,0
Control,4,56,0
Control,4,56,0
Control,4,56,0
Control,4,56,0
Control,4,56,0
Control,4,56,0
Control,4,56,0
Control,4,56,0
Control,4,56,0
Control,4,56,0
Control,4,56,0
Control,4,56,0
Control,4,56,0
Control,4,56,0
Control,4,56,0
Control,4,56,0
Control,4,56,0
Control,4,56,0
Control,4,56,0
Control,4,56,0
Control,4,56,0
Control,4,56,0
Control,4,56,0
Control,4,56,0
Control,4,56,0
Control,4,56,0
Control,4,56,0
Control,4,56,0
Control,4,56,0
Control,4,56,0
Control,4,56,0
Control,4,56,0
Control,4,56,0
Control,4,56,0
Control,4,56,0
Control,4,56,0
Control,4,56,0
Control,4,56,0
Control,4,56,0
Control,4,56,0
Control,4,56,0
Control,4,56,0
Control,4,56,0
Control,4,56,0
Control,4,56,0
Control,4,56,0
Control,4,56,0
Control,4,56,0
Control,4,56,0
Control,4,56,0
Control,4,56,0
Control,4,56,0
Control,4,56,0
6PPDQ,5,2,1
6PPDQ,5,2,1
6PPDQ,5,34,0
6PPDQ,5,34,0
6PPDQ,5,34,0
6PPDQ,5,34,0
6PPDQ,5,34,0
6PPDQ,5,34,0
6PPDQ,5,34,0
Control,5,34,0
Control,5,34,0
Control,5,34,0
Control,5,34,0
Control,5,34,0
6PPDQ,5,41,0
6PPDQ,5,41,0
6PPDQ,5,41,0
6PPDQ,5,41,0
6PPDQ,5,41,0
Control,5,41,0
Control,5,41,0
Control,5,41,0
Control,5,41,0
Control,5,41,0
6PPDQ,5,48,0
6PPDQ,5,48,0
6PPDQ,5,48,0
6PPDQ,5,48,0
6PPDQ,5,48,0
6PPDQ,5,48,0
6PPDQ,5,48,0
6PPDQ,5,48,0
6PPDQ,5,48,0
6PPDQ,5,48,0
6PPDQ,5,48,0
6PPDQ,5,48,0
6PPDQ,5,48,0
6PPDQ,5,48,0
6PPDQ,5,48,0
6PPDQ,5,48,0
6PPDQ,5,48,0
6PPDQ,5,48,0
6PPDQ,5,48,0
6PPDQ,5,48,0
6PPDQ,5,48,1
6PPDQ,5,48,1
6PPDQ,5,48,1
Control,5,48,0
Control,5,48,0
Control,5,48,0
Control,5,48,0
Control,5,48,0
Control,5,48,0
Control,5,48,0
Control,5,48,0
Control,5,48,0
Control,5,48,0
Control,5,48,0
Control,5,48,0
Control,5,48,0
Control,5,48,0
Control,5,48,0
Control,5,48,0
Control,5,48,0
Control,5,48,0
Control,5,48,0
Control,5,48,0
Control,5,48,1
6PPDQ,5,49,1
6PPDQ,5,49,1
6PPDQ,5,49,1
6PPDQ,5,50,1
6PPDQ,5,50,1
6PPDQ,5,50,1
6PPDQ,5,50,1
6PPDQ,5,50,1
6PPDQ,5,50,1
6PPDQ,5,50,1
6PPDQ,5,50,1
6PPDQ,5,50,1
6PPDQ,5,50,1
6PPDQ,5,50,1
6PPDQ,5,50,1
6PPDQ,5,50,1
6PPDQ,5,50,1
6PPDQ,5,50,1
6PPDQ,5,50,1
6PPDQ,5,50,1
6PPDQ,5,50,1
6PPDQ,5,50,1
6PPDQ,5,50,1
6PPDQ,5,50,1
6PPDQ,5,50,1
6PPDQ,5,50,1
6PPDQ,5,50,1
6PPDQ,5,50,1
6PPDQ,5,50,1
6PPDQ,5,50,1
6PPDQ,5,50,1
6PPDQ,5,50,1
6PPDQ,5,50,1
6PPDQ,5,50,1
6PPDQ,5,50,1
6PPDQ,5,50,1
6PPDQ,5,50,1
6PPDQ,5,50,1
6PPDQ,5,50,1
6PPDQ,5,50,1
6PPDQ,5,50,1
6PPDQ,5,50,1
6PPDQ,5,50,1
6PPDQ,5,50,1
6PPDQ,5,50,1
6PPDQ,5,50,1
6PPDQ,5,50,1
6PPDQ,5,50,1
6PPDQ,5,50,1
6PPDQ,5,50,1
6PPDQ,5,50,1
6PPDQ,5,50,1
6PPDQ,5,50,1
6PPDQ,5,50,1
6PPDQ,5,50,1
6PPDQ,5,50,1
6PPDQ,5,50,1
6PPDQ,5,50,1
6PPDQ,5,50,1
6PPDQ,5,50,1
6PPDQ,5,50,1
6PPDQ,5,50,1
6PPDQ,5,50,1
6PPDQ,5,50,1
6PPDQ,5,50,1
6PPDQ,5,50,1
6PPDQ,5,50,1
6PPDQ,5,50,1
Control,5,50,1
6PPDQ,5,55,1
6PPDQ,5,55,1
6PPDQ,5,55,1
6PPDQ,5,55,1
6PPDQ,5,55,1
6PPDQ,5,55,1
6PPDQ,5,55,1
6PPDQ,5,55,1
6PPDQ,5,55,1
6PPDQ,5,55,1
6PPDQ,5,55,1
6PPDQ,5,55,1
6PPDQ,5,55,1
6PPDQ,5,55,1
6PPDQ,5,55,1
6PPDQ,5,55,1
6PPDQ,5,55,1
6PPDQ,5,55,1
6PPDQ,5,55,1
6PPDQ,5,55,1
6PPDQ,5,55,1
6PPDQ,5,55,1
6PPDQ,5,55,1
6PPDQ,5,55,1
6PPDQ,5,55,1
6PPDQ,5,55,1
6PPDQ,5,55,1
6PPDQ,5,56,0
6PPDQ,5,56,0
6PPDQ,5,56,0
6PPDQ,5,56,0
6PPDQ,5,56,0
6PPDQ,5,56,0
6PPDQ,5,56,0
6PPDQ,5,56,0
6PPDQ,5,56,0
6PPDQ,5,56,0
6PPDQ,5,56,0
6PPDQ,5,56,0
6PPDQ,5,56,0
6PPDQ,5,56,0
6PPDQ,5,56,0
6PPDQ,5,56,0
6PPDQ,5,56,0
6PPDQ,5,56,0
6PPDQ,5,56,0
6PPDQ,5,56,0
6PPDQ,5,56,0
6PPDQ,5,56,0
6PPDQ,5,56,0
6PPDQ,5,56,0
6PPDQ,5,56,0
6PPDQ,5,56,0
6PPDQ,5,56,0
6PPDQ,5,56,0
6PPDQ,5,56,0
6PPDQ,5,56,0
6PPDQ,5,56,0
6PPDQ,5,56,0
6PPDQ,5,56,0
6PPDQ,5,56,0
6PPDQ,5,56,0
6PPDQ,5,56,0
Control,5,56,0
Control,5,56,0
Control,5,56,0
Control,5,56,0
Control,5,56,0
Control,5,56,0
Control,5,56,0
Control,5,56,0
Control,5,56,0
Control,5,56,0
Control,5,56,0
Control,5,56,0
Control,5,56,0
Control,5,56,0
Control,5,56,0
Control,5,56,0
Control,5,56,0
Control,5,56,0
Control,5,56,0
Control,5,56,0
Control,5,56,0
Control,5,56,0
Control,5,56,0
Control,5,56,0
Control,5,56,0
Control,5,56,0
Control,5,56,0
Control,5,56,0
Control,5,56,0
Control,5,56,0
Control,5,56,0
Control,5,56,0
Control,5,56,0
Control,5,56,0
Control,5,56,0
Control,5,56,0
Control,5,56,0
Control,5,56,0
Control,5,56,0
Control,5,56,0
Control,5,56,0
Control,5,56,0
Control,5,56,0
Control,5,56,0
Control,5,56,0
Control,5,56,0
Control,5,56,0
Control,5,56,0
Control,5,56,0
Control,5,56,0
Control,5,56,0
Control,5,56,0
Control,5,56,0
Control,5,56,0
Control,5,56,0
Control,5,56,0
Control,5,56,0
Control,5,56,0
Control,5,56,0
Control,5,56,0
Control,5,56,0
Control,5,56,0
Control,5,56,0
Control,5,56,0
Control,5,56,0
Control,5,56,0
Control,5,56,0
Control,5,56,0
Control,5,56,0
Control,5,56,0
Control,5,56,0
Control,5,56,0
Control,5,56,0
Control,5,56,0
Control,5,56,0
Control,5,56,0
Control,5,56,0
Control,5,56,0
Control,5,56,0
Control,5,56,0
Control,5,56,0
Control,5,56,0
Control,5,56,0
Control,5,56,0
Control,5,56,0
Control,5,56,0
Control,5,56,0
Control,5,56,0
Control,5,56,0
Control,5,56,0
Control,5,56,0
Control,5,56,0
Control,5,56,0
Control,5,56,0
Control,5,56,0
Control,5,56,0
Control,5,56,0
Control,5,56,0
Control,5,56,0
Control,5,56,0
Control,5,56,0
6PPDQ,6,2,1
6PPDQ,6,2,1
6PPDQ,6,2,1
6PPDQ,6,2,1
Control,6,2,1
6PPDQ,6,7,1
Control,6,7,1
6PPDQ,6,13,1
6PPDQ,6,27,1
6PPDQ,6,27,1
Control,6,27,1
6PPDQ,6,34,1
6PPDQ,6,34,1
6PPDQ,6,34,1
6PPDQ,6,34,1
6PPDQ,6,34,1
6PPDQ,6,34,1
6PPDQ,6,34,1
6PPDQ,6,34,1
Control,6,34,0
Control,6,34,0
Control,6,34,0
Control,6,34,0
Control,6,34,0
Control,6,34,0
Control,6,34,0
Control,6,34,0
Control,6,34,0
Control,6,34,0
Control,6,34,0
Control,6,34,0
6PPDQ,6,41,1
6PPDQ,6,41,1
6PPDQ,6,41,1
6PPDQ,6,41,1
6PPDQ,6,41,1
Control,6,41,0
Control,6,41,0
Control,6,41,0
Control,6,41,0
Control,6,41,0
6PPDQ,6,48,1
Control,6,48,0
Control,6,48,0
Control,6,48,0
Control,6,48,0
Control,6,48,0
Control,6,48,0
Control,6,48,0
Control,6,48,0
Control,6,48,0
Control,6,48,0
Control,6,48,0
Control,6,48,0
Control,6,48,0
Control,6,48,0
Control,6,48,0
Control,6,48,0
Control,6,48,0
Control,6,48,0
Control,6,48,0
Control,6,48,0
6PPDQ,6,50,1
6PPDQ,6,50,1
6PPDQ,6,50,1
6PPDQ,6,50,1
6PPDQ,6,50,1
6PPDQ,6,50,1
6PPDQ,6,50,1
6PPDQ,6,50,1
6PPDQ,6,50,1
6PPDQ,6,50,1
6PPDQ,6,50,1
6PPDQ,6,50,1
6PPDQ,6,50,1
6PPDQ,6,50,1
6PPDQ,6,50,1
6PPDQ,6,50,1
6PPDQ,6,50,1
6PPDQ,6,50,1
6PPDQ,6,50,1
6PPDQ,6,50,1
6PPDQ,6,50,1
6PPDQ,6,50,1
6PPDQ,6,50,1
6PPDQ,6,50,1
6PPDQ,6,50,1
6PPDQ,6,50,1
6PPDQ,6,50,1
6PPDQ,6,50,1
6PPDQ,6,50,1
6PPDQ,6,50,1
6PPDQ,6,50,1
6PPDQ,6,50,1
6PPDQ,6,50,1
6PPDQ,6,50,1
6PPDQ,6,50,1
6PPDQ,6,50,1
6PPDQ,6,50,1
6PPDQ,6,50,1
6PPDQ,6,50,1
6PPDQ,6,50,1
6PPDQ,6,50,1
6PPDQ,6,50,1
6PPDQ,6,50,1
6PPDQ,6,50,1
6PPDQ,6,50,1
6PPDQ,6,50,1
6PPDQ,6,50,1
6PPDQ,6,50,1
6PPDQ,6,50,1
6PPDQ,6,50,1
6PPDQ,6,50,1
6PPDQ,6,50,1
6PPDQ,6,50,1
6PPDQ,6,50,1
6PPDQ,6,50,1
6PPDQ,6,50,1
6PPDQ,6,50,1
6PPDQ,6,50,1
6PPDQ,6,50,1
6PPDQ,6,50,1
6PPDQ,6,50,1
6PPDQ,6,50,1
6PPDQ,6,50,1
6PPDQ,6,55,1
6PPDQ,6,55,1
6PPDQ,6,55,1
6PPDQ,6,55,1
6PPDQ,6,55,1
6PPDQ,6,55,1
6PPDQ,6,55,1
6PPDQ,6,55,1
6PPDQ,6,55,1
6PPDQ,6,55,1
6PPDQ,6,55,1
6PPDQ,6,55,1
6PPDQ,6,55,1
6PPDQ,6,55,1
6PPDQ,6,55,1
6PPDQ,6,55,1
6PPDQ,6,55,1
6PPDQ,6,55,1
6PPDQ,6,55,1
6PPDQ,6,55,1
6PPDQ,6,55,1
6PPDQ,6,55,1
6PPDQ,6,55,1
6PPDQ,6,55,1
6PPDQ,6,55,1
6PPDQ,6,56,0
6PPDQ,6,56,0
6PPDQ,6,56,0
6PPDQ,6,56,0
6PPDQ,6,56,0
6PPDQ,6,56,0
6PPDQ,6,56,0
6PPDQ,6,56,0
6PPDQ,6,56,0
6PPDQ,6,56,0
6PPDQ,6,56,0
6PPDQ,6,56,0
6PPDQ,6,56,0
6PPDQ,6,56,0
6PPDQ,6,56,0
6PPDQ,6,56,0
6PPDQ,6,56,0
6PPDQ,6,56,0
6PPDQ,6,56,0
6PPDQ,6,56,0
6PPDQ,6,56,0
6PPDQ,6,56,0
6PPDQ,6,56,0
6PPDQ,6,56,0
6PPDQ,6,56,0
6PPDQ,6,56,0
Control,6,56,0
Control,6,56,0
Control,6,56,0
Control,6,56,0
Control,6,56,0
Control,6,56,0
Control,6,56,0
Control,6,56,0
Control,6,56,0
Control,6,56,0
Control,6,56,0
Control,6,56,0
Control,6,56,0
Control,6,56,0
Control,6,56,0
Control,6,56,0
Control,6,56,0
Control,6,56,0
Control,6,56,0
Control,6,56,0
Control,6,56,0
Control,6,56,0
Control,6,56,0
Control,6,56,0
Control,6,56,0
Control,6,56,0
Control,6,56,0
Control,6,56,0
Control,6,56,0
Control,6,56,0
Control,6,56,0
Control,6,56,0
Control,6,56,0
Control,6,56,0
Control,6,56,0
Control,6,56,0
Control,6,56,0
Control,6,56,0
Control,6,56,0
Control,6,56,0
Control,6,56,0
Control,6,56,0
Control,6,56,0
Control,6,56,0
Control,6,56,0
Control,6,56,0
Control,6,56,0
Control,6,56,0
Control,6,56,0
Control,6,56,0
Control,6,56,0
Control,6,56,0
Control,6,56,0
Control,6,56,0
Control,6,56,0
Control,6,56,0
Control,6,56,0
Control,6,56,0
Control,6,56,0
Control,6,56,0
Control,6,56,0
Control,6,56,0
Control,6,56,0
Control,6,56,0
Control,6,56,0
Control,6,56,0
Control,6,56,0
Control,6,56,0
Control,6,56,0
Control,6,56,0
Control,6,56,0
Control,6,56,0
Control,6,56,0
Control,6,56,0
Control,6,56,0
Control,6,56,0
Control,6,56,0
Control,6,56,0
Control,6,56,0
Control,6,56,0
Control,6,56,0
Control,6,56,0
Control,6,56,0
Control,6,56,0
Control,6,56,0
Control,6,56,0
Control,6,56,0
Control,6,56,0
Control,6,56,0
Control,6,56,0
Control,6,56,0
Control,6,56,0
Control,6,56,0
Control,6,56,0
Control,6,56,0
Control,6,56,0
Control,6,56,0
Control,6,56,0
Control,6,56,0
Control,6,56,0
Control,6,56,0
Control,6,56,0
Control,6,56,0
Control,6,56,0
Control,6,56,0
Control,6,56,0
Control,6,56,0
Control,6,56,0
Control,6,56,0
Control,6,56,0
Control,6,56,0
Control,6,56,0
Control,6,56,0
Control,6,56,0
Control,6,56,0
Control,6,56,0
Control,6,56,0
Control,6,56,0
Control,6,56,0
Control,6,56,0
Control,6,56,0
Control,6,56,0
Control,6,56,0
Control,6,56,0
Control,6,56,0
